Trendy Threads,+31729471989,Cyprus,94889₽,cell
Trendsetting Tailors,+58633263525,Burkina Faso,87611₽,language
Classy Collections,+38392560988,Kosovo,12338₽,map
Fashion Fusion,+0316549315,Palau,92789₽,community
Fashion Forward,+34726735161,Vanuatu,96355₽,emphasis
Sleek Styles,+60187671477,Thailand,71047₽,tea
Elegant Ensembles,+52259539353,Turkmenistan,36255₽,pie
Crisp Creations,+12641596578,Belize,72460₽,organization
Brow Boosters,+49164536202,Maldives,61225₽,thanks
Modish Mannequins,+31349543696,Kuwait,93979₽,love
Chic Boutique,+76428871314,The Gambia,83788₽,explanation
Posh Patterns,+63816398775,United Kingdom,95250₽,departure
Elite Elegance,+92717881223,Azerbaijan,48857₽,republic
Dapper Designs,+92625838418,Tuvalu,49341₽,awareness
Nail Nook,+1740822525,Papua New Guinea,93478₽,maintenance
Elegant Ensembles,+59460870228,Namibia,78357₽,series
Fashion Forward,+38525732007,Ireland,73510₽,community
Sophisticated Sewing,+43880937546,Malaysia,90928₽,advice
Wellness World,+20168292669,Russia,13989₽,dad
Fashion Fusion,+61553611478,Suriname,83021₽,height
Stellar Stitches,+41754263511,"Congo, Republic of the",56962₽,county
Fashion Forward,+43532596599,Armenia,54959₽,emphasis
Fine Fabrics,+7481701465,Switzerland,52077₽,truth
Urban Upmarket,+89478859845,Kiribati,40909₽,enthusiasm
Stylish Silhouettes,+50738878444,Poland,17425₽,payment
Fashion Fusion,+44741157011,Italy,93872₽,injury
Elegant Ensembles,+39802811398,Bolivia,50464₽,proposal
Elite Elegance,+25884582691,El Salvador,97498₽,drama
Sleek Styles,+56460306109,Jordan,90994₽,description
Smart Styles,+3883993999,Egypt,20395₽,map
Urban Upmarket,+21364434682,Netherlands,72770₽,concept
Refined Rags,+95107413601,Angola,21348₽,employee
Body Bliss,+84282391752,Bulgaria,74703₽,dad
Stylish Silhouettes,+90146565207,Mali,96510₽,stranger
Crisp Creations,+43411790620,Tuvalu,78595₽,description
Chic Boutique,+19799096226,Cyprus,92968₽,explanation
Glamour Galore,+2524819490,Venezuela,71405₽,secretary
Nail Nook,+27468504463,Iran,95110₽,preparation
Sleek Styles,+38522850010,Nauru,52819₽,advertising
Classy Collections,+50125218687,Canada,24822₽,distribution
Crisp Creations,+43710325801,"Korea, South",19397₽,stranger
Urban Upmarket,+91302245880,Tonga,29764₽,pizza
Glow Getter,+35899481216,Botswana,99191₽,midnight
Fashion Forward,+81404533990,Vanuatu,57436₽,secretary
Stellar Stitches,+5527198414,Malta,78505₽,emphasis
Modern Maven,+1577015240,Chile,51617₽,county
Stellar Stitches,+12790072334,Armenia,64225₽,weakness
Makeup Maven,+3475807509,"Korea, South",78791₽,wood
Sophisticated Sewing,+31214081314,Laos,17274₽,selection
Salon Suites,+52665256904,Jamaica,86295₽,dad
Lash Lounge,+48257659999,Thailand,88517₽,homework
Haute Hues,+78332141963,Barbados,21210₽,organization
Fashion Forward,+84556705068,Guinea-Bissau,71934₽,cookie
Brow Boosters,+90453067873,Sao Tome and Principe,69973₽,cigarette
Classy Chic,+29281393673,"Korea, North",81456₽,classroom
Lash Lounge,+45544689097,Saint Lucia,75494₽,love
Trendy Threads,+4291817153,Palau,94712₽,newspaper
Posh Patterns,+46762845327,Mongolia,39478₽,fishing
Refined Rags,+4510289454,Eritrea,36938₽,agreement
Classy Collections,+7499665218,Palau,24893₽,addition
Crisp Creations,+98517038537,India,57752₽,stranger
Glamour Galore,+99771454817,Cape Verde,56583₽,perception
Body Bliss,+21236216992,Vietnam,94387₽,elevator
Refined Rags,+34636462913,Ghana,14235₽,drawer
Sleek Styles,+68883604865,Singapore,76057₽,love
Crisp Creations,+11538067865,Haiti,14587₽,awareness
Fine Fabrics,+1494715905,Morocco,95154₽,sample
Crisp Creations,+80696851649,China,38667₽,elevator
Wellness World,+84604208692,Croatia,11634₽,thanks
Makeup Maven,+56159644571,Maldives,47845₽,revenue
Wellness World,+58704442624,Russia,17442₽,buyer
Trendy Threads,+95427018778,Bahrain,42250₽,awareness
Smart Styles,+20532821453,Panama,57053₽,contribution
